X coordinate,Y coordinate
0.803424508030275,0.615389539015448
1.05962819464005,-0.229854741547381
-1.08582620103966,-0.215962658450687
1.01018155065541,0.318652014250166
0.873804805572708,-0.505976276093018
0.361786423606694,-0.264461824815359
-0.581596819606003,0.77098219157929
-0.656063893862044,0.672316164603926
0.332670648085969,-0.322143601336776
1.02183756264788,-0.27654274738707
0.203876072465204,0.462315468659296
-0.183877051172129,-0.459552515014281
-0.018201354019383,-1.02864840503547
0.281651745789137,0.395891653491084
0.219471735886496,-0.971001034404195
0.021941439998955,0.516217197837071
0.284651697929256,0.421925885232276
0.197272518810836,0.480067747160448
0.89934575418165,-0.469129023556047
0.807183943891151,0.507545200614457
0.169326232717434,-0.412862904317489
-0.73586019954866,-0.598476394784469
0.354780350366896,0.373132082096583
0.887680026523164,-0.338485656855671
0.911023864484434,0.62171945415986
-0.062379558301626,-0.475386831822489
0.206787365750958,-0.457437898162201
-0.047016615146775,0.935310992009818
-0.394168932571856,0.253916078336155
0.522883162883073,0.145841143395831
-0.160074564710905,0.9589507745634
0.54590957627913,0.326560573108217
-0.586012844734355,-0.854865632833207
0.267624865300393,-0.993754777166107
0.46966923559654,0.115023834715972
0.686852812183092,0.710311216922873
-0.86907894735334,0.296478893612128
-0.231059337779964,-0.393623698569388
0.183011106473222,0.485218500621504
0.956237958331444,0.284897712654459
0.084589200118643,0.43872183773255
-0.888794653009768,0.539797208121135
-0.786547916134413,0.653712393637099
-0.720945802574726,0.662499491327796
-0.335237873426618,-0.338461458100684
-0.521109048890113,-0.197168056658233
0.221964316191755,-0.936650956763334
-1.02307322131156,-0.310044808773191
0.365426087275192,0.359399875597119
-0.44861298218573,0.386739611611486
0.443852558326723,0.326104341264521
-0.419596893381801,-0.899900435579583
-0.403243923200492,0.310993143033826
-0.277197607366667,0.444948417354305
0.98211301389705,-0.236067376529656
-0.165845700055655,-0.986276677060071
0.252344965936896,-0.881949388381606
0.906633924794166,0.25074143785992
-0.474677089269026,0.141132746552167
0.142380180401686,-0.493941674945172
-0.21839702308147,-0.499644550226616
-0.47539245123112,-0.014883915708811
0.314159772068734,-0.475242393785488
-0.463474913501578,-0.288855762716748
-0.164561742095739,0.498386021895358
-0.168730141325492,-0.39600582114656
0.648443234612796,0.848179650670025
0.274341855632535,-0.405499858034421
-0.532371656008627,0.012329533590854
-0.118778182289093,0.996994152255698
0.501319983525068,-0.025614648453064
-0.342283871125043,-1.01079370288047
0.529448001868891,0.014170646448018
-0.158856161615601,-0.450784002860072
-0.481321134149715,0.829987748427545
0.475361022731833,-0.939018238634135
0.411117941858028,0.347456326632458
-0.031847227697413,-0.964986731163829
0.20252528367833,0.415086233105133
0.971858044522794,-0.13537652230226
-0.204906688766233,0.924488827846342
0.389831341364696,-0.416107004883622
-0.283341726015653,-0.448081743618608
-0.516881390872009,-0.765854616308806
0.451951604828733,-0.065880624340033
-0.572810022641646,-0.717481241244384
0.025769590156377,0.520636604298994
0.173368564738639,1.0046365222613
-0.269383734460628,0.45529702526513
0.083829015385319,0.422689268226502
0.97257098969954,0.172467685327963
0.063084315320914,0.471806476508679
-0.288344849119174,-0.864083989349425
0.167339826318869,-1.02732175899832
-0.087582447115172,0.513669208259066
-0.721026321408011,0.808514620615891
-0.660144194504862,0.751440293098067
0.5207344566003,-0.01661581001801
-0.493958033795077,0.941211150364836
-0.464854305929764,0.096984399729348
0.381739278437723,0.267643052175894
0.903266025573545,-0.490519650255252
-0.89823052477895,-0.365847718079784
0.20457114812577,-0.498382186851911
-0.347041544231319,0.274643864710796
-0.08702660233124,1.05700683292997
-1.0249060039302,-0.115163871226073
-0.717425078129922,0.739529540433138
-0.410736857019013,0.844870913422139
-0.501513850499386,0.118700498857325
0.747537406655077,0.680343708397473
-0.240191884522471,-0.472129855807438
1.02454112310561,-0.089399228313034
0.160301458173691,-0.508177852653507
0.369226314343103,-0.406727068638921
-0.676827250386731,-0.774717422551511
0.764919993093301,-0.48471763945409
0.365778899083811,-0.417556370881681
-0.467908785731885,-0.306409678248917
-0.262021489682932,0.476712799089776
0.698085992625058,-0.756552243467864
-0.578873593914552,0.143495654636191
-0.321286795321952,-0.282235485470401
-0.361549153584805,-0.360185067019957
0.580054046116705,-0.105259709912624
-1.00865353980492,0.078032192955106
-0.473658883204265,-0.009224149250831
-0.167226497412087,-0.418499809501271
0.069901451088993,0.489458419203668
-0.99830982722129,0.087803370536816
0.451740541974557,-0.022794126708499
0.404897767723556,-0.337577502469545
0.347936133737092,0.384630109213755
-0.264208313760606,0.499453553289733
-0.567293890498103,-0.815404143023611
0.024204834900709,-0.514156929171093
0.860765675590301,0.551524956661751
-0.307688049854174,-0.433415272555162
-0.123873772968959,-0.483836017401501
0.376262205038541,0.251494632854267
-0.146926783051214,0.353509924060087
0.473180052042447,-0.189512421938121
-0.778169800129039,-0.825086461050435
-0.318511250267359,-0.423584183681428
0.768121721074815,-0.640486224448611
0.453154236038145,-0.135951580896252
-0.410688571388501,0.907710369081546
-0.933334386269298,0.031652541081033
-0.128470205628534,0.45993357804576
0.424255068405636,0.950910844531578
-0.031140593628246,-0.525753221197733
0.572991795477401,0.079105218294437
0.430969643187763,-0.308109279522865
-0.951266969936295,0.260154212774562
-0.417583572577376,-0.281004558782591
0.620734841688235,0.844982109444419
0.393483510964046,0.840426810608816
-0.888647805874789,0.607446507310052
-0.234934404512669,-0.504930298150006
0.918802371619922,0.339022446481801
0.815845856038339,0.618798274694437
-0.88480311479611,0.497891211896382
0.286345087887578,0.498053529642847
0.064246714304615,-0.460880659644287
1.08607737091135,-0.177630470825403
0.85266619851625,-0.611412342059919
0.076591358421868,-0.444941769279457
0.457111907566298,-0.830567021177213
-0.763358669242424,-0.619154971452714
0.465170605163888,-0.320496121024266
-0.800246958569216,-0.469885643938427
0.699507476669583,-0.811266023365516
0.464178458844755,0.147557735594475
-0.007803840332097,0.928481993976288
-0.73671637219858,-0.695138481017087
-0.340629276776549,-0.347361803619338
-0.573535771423787,-0.832147644940829
0.080238222749568,-0.500210920410501
0.287722035049568,0.865772815743043
-0.466405655569779,0.384076011751021
-0.545091504188611,0.180665967961208
0.469176212221195,-0.297641120090323
0.497047290793166,-0.16264954992425
0.753125902718252,-0.618435168409054
0.321710899868992,0.340483194972032
-0.40507322231989,0.344052038218091
-0.490855002783195,-0.056664266732195
0.4294389956426,-0.896318729300455
0.351876537378718,0.55658927462562
0.346347471637501,0.129547959340917
-0.922886127878984,0.420352539260687
0.49334352698579,-0.126462997213281
0.4830225106931,0.264856809831978
-0.774774803551806,-0.500837557623396
-0.462901597114728,-0.346495734385848
0.334880046238724,-0.374333079363182
0.681732350940613,-0.838541408765838
-0.468425676210054,0.27641356737874
0.201799222998861,0.937324858775837
-0.822445223883716,-0.76102203053052
-0.829142154903542,0.675563785350035
0.360194098507306,-0.169721961152065
0.188739466198344,0.53560687152492
0.044564344939654,0.466295230950159
-0.708138192741593,-0.83299172416808
0.067574048068325,0.490567241675989
0.384211795584633,-0.353248893857981
0.64138062960235,-0.716549690337508
-0.275231759587522,0.352970197395927
0.522996154312505,-0.930112495585106
0.328566656595575,-0.420644291635411
0.208944711396191,0.564353989379608
0.251834722615806,0.999062242749695
0.167341743207493,-1.01734176192894
0.395573071800994,0.966540396911952
-0.440459206300122,-0.048417433959753
0.324674314707725,0.372103575387247
-0.964994785026216,-0.324447232115546
-0.179402086448593,1.08577370864028
-0.357754509966068,-0.358062504775543
-0.928686768758145,-0.039362953739739
-0.363115307753237,-0.016362798017512
0.658494646518814,0.783745617408787
0.455746302045031,0.768549042845189
-0.291598239401996,-0.943471058636876
0.613153843553491,0.881530003503677
-0.950846302160558,-0.175207145642899
0.549613029257826,0.056875586390453
-0.544922650358151,0.016813087690532
0.510313196086258,0.310356885335607
-0.159785814421252,0.933600155497037
-0.266857011040388,-0.938773326370559
-0.920696361645831,0.407781026777847
0.157092897081496,0.403414985313957
-0.335238480131875,0.404048325843595
-0.09039654958809,0.457866711880793
-0.138201441138795,-0.469128963900303
0.492979209745385,-0.223425538753984
-0.226235338637255,0.480808402296654
-0.459141482785397,0.071821162614502
0.079463649651452,0.524952106889819
0.966395268024042,-0.202119841278462
-1.0636459766827,-0.15628364001808
0.292558025951347,0.356512073458477
-0.426603741190567,0.178450928153996
-0.138452470173957,-0.516702554616627
-0.603625302347663,-0.795172396485735
0.268622497204741,-0.293273352121654
-0.405337559188204,0.307658190069691
-0.761307714692858,0.552544469279401
-0.63756077699675,0.722975737688698
0.450371428368363,0.260231693156836
-0.328491904055573,-0.359412214663984
-0.50865944768534,-0.305586341227009
0.929681549131397,0.363973311939584
0.939638357373172,0.093564163940723
0.391933293068672,0.277690917298026
-0.452956255363539,0.210424191528546
-0.558916025061886,0.693554469369049
-0.49709991520478,-0.179164052533798
-0.411245241509145,-0.270481239008398
0.316027233873386,-0.295145205311467
0.075588074927596,0.504803452378284
0.429483124322919,0.154136053930225
0.278188107375033,0.958910192062883
0.074625341402732,-0.545285472863078
-0.294893589322027,0.450945759052781
0.457204795676212,0.312748773151531
1.00060439961898,0.082722261603901
-0.556047918641898,0.04907143680512
0.374637544360839,0.244881832446861
0.063737964618063,1.03471822740898
0.671616321998756,0.611336919340303
0.498621780636923,0.19537988320855
0.568363064529291,0.85210224896606
0.875656370899824,0.505596629790035
0.873372360383121,-0.595241021668452
0.467705629118643,0.76210493328002
-1.10588200194594,-0.235161753363507
0.280766327014064,0.443396879693685
-0.431888110105079,-0.117663439646645
-0.459910071547527,0.857159175434271
0.854138884320237,0.363027855495271
-0.292762099085963,0.402374244474874
0.924005018999139,0.172308737570732
-0.431965762204771,0.310497827220678
-0.42361740225078,-0.91532610454503
-0.457036922855927,-0.1739042020454
-0.501809928931335,0.013795742869288
-0.493304881946205,0.844497814848046
0.44809672367265,-0.088371287342932
0.16950032082398,-0.980201901751869
-0.496112152372321,0.270788138579116
-0.444635180687397,0.852002863933141
-0.152086603367243,0.543171336136038
0.094029029907463,-0.984967507416164
0.406082242976847,-0.339819196924515
-0.186490753492661,0.540954565070917
-0.617835752001094,0.8204031356231
0.177464493215513,-0.950893099055616
0.627472187138964,-0.74515538088892
0.475371022233825,0.247305237984158
0.14707437566725,-0.522467824473291
-0.506839157370128,0.057126596796665
-0.47181946172485,0.229405343674244
-0.120996335419476,1.04628698335893
0.878337669292434,-0.467564176333649
-0.185499818230914,-0.999985216658542
0.507908999851339,-0.180919752500486
0.450067173193415,-0.115445074350216
-0.329329217279424,0.966458997958824
-0.072904600839089,-0.97155973042348
-0.147071618315233,0.403818733202499
0.661866223323241,-0.735081351823527
-0.9499075511819,0.376836573452716
0.453460754150971,-0.166337555943491
0.655947038808202,0.736036339424938
0.83401780166681,-0.59656021535406
-0.838085277548149,-0.349181325248247
-0.328022514532933,0.378421569645721
0.337605904643843,0.349550270391447
0.678394265995703,0.604385143701116
-0.036065138442255,-1.01635530359486
-0.289611161722388,0.920351082607068
0.413270794811498,0.226307452733872
-0.307970464453329,-0.388704845064262
-0.314018753842338,-0.429230822676073
0.848089364491455,0.625309222337575
-0.46372490555684,0.25289796239899
-0.099943253367346,0.934210262978125
-0.318831227557545,0.333391660298089
0.377256988291336,0.317406485621702
-0.221314148220908,-0.992339642187621
0.160830345682155,-0.968164751859569
1.08192385095939,0.139083929749278
-0.515354827589813,0.079418571335775
-1.0563760207804,0.321929279235897
-0.502330231537397,0.026264556498779
0.226422182889251,-0.422442563065959
0.986003976732238,-0.225105199432117
0.202918491005504,-0.490289384968771
-0.489773826319294,0.868198011975662
-0.102842645453189,-1.01582499403547
-0.07238565950691,-0.526175083854726
-0.274408955374489,-0.325984747941433
0.453416186073623,0.070025768256139
-0.054861329631034,1.04723845256693
-0.340603959231386,-0.335948113063445
-0.288742369385235,0.900086612900284
-0.718118009479351,-0.795484028009896
0.094405852074188,0.473139100197787
0.565330748405122,-0.775148816433451
-0.692635330147362,-0.755324383055296
0.621130284264208,-0.697690939052612
0.160432807658288,0.93205924059871
-0.547257664932325,0.000891678553744
-0.964909766764475,0.358103699875751
-0.562091081556437,-0.861580476939813
-0.464967321216387,-0.91746091121753
0.307855476825574,0.401481032098008
0.669237458898707,0.716180608847002
-0.364333876767303,-0.34607472716828
0.267645865171389,-0.437020685731329
1.01773802715512,-0.175507651916038
-0.438226310743779,-0.248408947948519
0.066460453704272,-0.378168505491866
-0.266371039649056,0.503744733699779
-0.117359707076034,1.00714108229155
-0.105650961306199,0.435762341730463
0.906026568738781,0.51505309965354
-0.752423203115075,-0.612354988354069
-0.552243934756417,-0.851874588200136
-0.233231716808767,-0.442301613446979
0.340775799671593,0.945258604380128
0.174804256651941,0.427863924596674
-1.0417782627538,0.019794960851443
-0.976783400971702,0.385420120931163
-0.256065517687951,0.477549336314511
0.035211691832352,-0.957601635786586
-0.405819511703254,0.938255749376759
-0.288819961274001,-0.885825828581934
0.454612235044171,-0.161739166219236
0.24867390673309,0.416822910618946
0.087352958791798,0.511665489046058
0.518462403930275,-0.2912907752502
-0.475671100658139,0.091052668379473
0.948048617602437,0.221801489639847
0.274500727511418,-0.401277939955668
-0.210187454049973,-0.439535328855038
0.139462052198323,-1.02478403878788
-0.160373118690285,0.503724316197164
0.11604326001437,-0.501174444091289
0.486253593308501,-0.153125438104407
-1.00807763544309,0.234735114153033
0.487329471321914,0.181874837764597
-0.57681865909175,0.834545492432895
-0.401807526911522,-0.948671124247856
-0.4269852015066,-0.896577219694227
-0.009222452682886,-0.565684135598918
-0.04795960567508,0.987574955978038
0.736777210939726,0.716501737685852
0.324447091191242,-0.383003034486772
-0.473302011661729,0.913110000637263
0.319839589224006,0.369932935688823
-0.509049257174711,0.868157080483245
0.394151689081481,-0.223855092521371
0.635111165977016,0.82216509917141
0.741967476465141,-0.722990069621296
0.082816847223652,-0.46543895241135
0.799798443133903,0.574618998454317
0.365696237804339,-0.173304785276818
0.482900090340765,-0.278840806178267
-0.541133430360847,0.16897066623685
-0.808818011088103,0.46955977973739
-0.374609009699488,0.931510627270174
-1.05260522523437,0.361603255883182
0.528227955519122,0.107502046267358
0.404306101288706,-0.916639035428303
-0.420123733998864,-0.125227981818204
-0.197019508991557,0.5187631134276
0.951955880823874,-0.302828996004776
-0.510015964034425,-0.025842896260244
0.390769710677002,0.224592617598746
0.041117322660327,0.999424687411451
-0.319953083348804,0.881740276304353
0.52876626745653,-0.020320956776517
-0.4042786560052,-0.015584672119837
-0.604361176984774,0.753115296617759
-0.487874343907432,-0.148391242404097
-0.086207049252362,1.01008177414727
0.381307978392643,0.375964666015644
0.152703270005655,0.972278153129933
0.46703607567989,0.905947898724027
0.094015323407229,-0.470425235999759
-0.0123065450496,-0.559680096606722
0.481113691128022,-0.139634763915728
0.36314359498359,-0.26264540645715
0.437226133668264,0.228342182029355
-0.030728533297271,-0.561870017861396
-0.16551406011666,-0.436049333369335
0.7127804090865,0.622660085625317
0.449477737463682,0.385693226885234
0.90577155416035,-0.445788244709748
0.243859778041905,-0.473554469850758
-0.115424944412395,-0.953736848073923
-0.35899809972501,-0.857054893656348
-0.245018712177953,-0.904644846547804
-0.021893263695464,0.516592755817558
0.092585715525686,0.44224494499361
-0.520391184358985,-0.77047797653216
0.433552090544802,0.222915587089803
-0.210433357902879,1.02885028197696
0.398637580699081,-0.345361271930844
-0.917379867949684,0.145400399835404
0.615482528518061,0.819277303506071
-0.841275204985809,-0.379218889049572
0.309834955587024,0.270202208738977
-0.485720533136413,-0.840535838835336
-0.284300711455859,0.385422585957612
0.860403864187793,-0.548551996145841
-0.291410467552758,-0.952938707263238
-0.76899122237567,-0.584552543392693
0.449263992999046,-0.051358322509977
0.335036080068018,0.946432761764273
-0.718560321425874,-0.768580605013725
-0.402586676994123,-0.061479644419819
-0.471980925837657,0.128917566572265
0.061809556923335,1.03124467847171
-0.47622605180289,-0.058876111143161
0.068549420390366,0.526330815740714
-0.423392795206819,0.08188683631814
-0.826410717738277,-0.585290421431451
0.452144748369216,-0.153488494554913
-1.0129138943167,0.005596267365009
0.504617511959063,0.186863050014296
0.109292974688138,0.56206615159186
1.04657456679721,-0.079728149324263
-0.934659726375043,-0.442717088459913
0.84424407214153,-0.478806079882073
-0.488755582041663,-0.053956198771867
0.185852512550901,-1.02942623191007
-0.778427439766455,0.729382570282284
0.302655469448987,-0.893573445587471
0.397831327955436,-0.052889678536441
0.566419289107418,0.036757332455546
-0.504742111961274,-0.905129477888901
0.133464251964888,-0.450882216370144
-0.516767558559258,0.149030353710711
-0.547552846206975,-0.036722557994651
-0.798479984049002,-0.625739534245656
0.941957869232398,-0.182037471904671
-0.191189268144388,-0.456323124139991
0.362285157980609,-0.186673390968939
-0.903028045382091,0.553586918572056
0.048578986830576,0.507325318081859
-0.590364392436931,0.921282405517892
-0.998879356530397,-0.069896956082803
0.46556269673447,-0.355282013798807
-0.00283439163856,-0.424734904823324
-0.366197575996835,0.327085902826894
-0.539115205525293,0.058083369774802
0.101926831397592,-0.533334337735158
-0.732305143527976,-0.542743405989673
0.552613158700793,0.004134041583565
-0.047820599904869,-0.996825012336622
-0.857385830126459,-0.640715611041916
1.05083827532833,0.181857407554944
-0.61100500628142,-0.838852058838713
0.331636187306246,0.392340224462033
0.225044223116502,0.449189095906154
0.119440881770545,-1.06829627460891
-0.891483061601199,0.55451372949143
0.588178365234496,0.731356855907277
1.06915355141736,0.254966676819623
-0.465334682733198,-0.166959119884782
0.453710841277366,-0.846440674204696
0.79063265825782,-0.683117325772159
-0.474458993099941,-0.037070843696126
0.535521638431098,0.836536244813484
-0.412856970366605,-0.268133192888194
-0.505351249186203,0.951062872576868
-0.171371813127431,-0.423724554004218
-0.502169243838405,0.206915180386115
0.469555396069524,-0.131541304097626
0.35660439844147,0.27903513327801
-0.830729521727852,0.59097858097736
0.631241576184321,0.678486059811349
-0.957928060108299,-0.266899264496856
-0.467513225971352,-0.026274674080869
-0.052329112646107,-0.403692628368625
0.508313148398147,0.036067622946808
0.507170235677237,-0.82781951129636
0.9919929656072,0.404865557948445
0.850944482641534,-0.64698623686289
0.40848124344525,0.145236428741106
0.510084480858496,0.148640860139165
0.214215717360985,-1.01711093950714
-0.300956959366566,0.973116948515693
-0.650954086083101,-0.692430662365351
-0.996585768142516,-0.03030014796079
-0.490629927412894,0.296193630256475
0.256641775543801,-1.02997954937231
0.298119075265153,-0.346714316448324
0.872418290843595,-0.534988709490877
0.647942483605963,0.750057016493448
0.484095347135422,-0.225285387522086
-0.111111952470301,0.447140908134794
0.367264350799043,0.274841978028601
-0.332183407144423,0.410665759693903
-0.656320563944597,0.722608569177332
0.971650754323231,-0.301749407408977
-0.443985423109743,0.254759964451857
-0.815748837432995,0.638000830115433
0.979492017370323,-0.258016059301555
0.20425886960947,-0.410093493778117
-0.740321238073267,-0.594364659581586
1.00013527047349,0.34445185840492
0.603955528350219,-0.784253089048601
-0.002198266447654,0.96145444976235
0.346360487221401,0.392988046955075
-0.944629388372456,-0.50196985793181
-0.237083183217812,0.449948940062817
-0.31981292669215,0.372652854902022
-0.371297697142806,-0.25591743755109
0.031032254226192,1.0436213423625
-0.16480454556567,0.468282373546374
0.279643706253051,0.417356830080979
-0.921624896038113,0.054992462257376
-0.936181778789463,0.33068496571903
-0.392871755729341,-0.900809095283292
-0.965973639328519,-0.152717987261453
0.844128054459427,0.548298393044992
-0.422215567786683,-0.4100729843554
-0.682792028155769,-0.755371643991611
0.240282889096981,0.922627617755806
0.304909427915806,0.456652968593519
0.410968736038885,-0.199419242967938
1.02043813846532,-0.106865833168167
0.858387828497206,0.509083636874608
-0.101316849319033,-0.473683246363699
0.387868658832626,0.882330647886614
0.042783688635254,0.482610005654207
0.629869701924899,0.771434550592304
0.196474641651536,-0.301386734802362
0.760502812993324,-0.608662866409988
-0.486341521390361,0.278112127803189
-0.45139280534241,0.087345995339745
0.989635822938461,0.470747700619611
-0.396114924344734,0.333559289099605
0.512649411180505,-0.893264369799372
-0.263222876654833,-0.877353570577477
0.248408968062917,-0.41666369985772
-0.602551225875506,0.849392253279277
0.481601518909557,0.319499086005189
0.274421589708659,-1.04288472443037
0.604011683850789,0.870343205816893
-0.606513442770224,0.854125106718107
0.753348066301517,-0.674118952281762
-0.123617254328423,-0.485877271506601
0.341159148698302,-0.377570364478882
0.69626856765046,-0.610510779938237
0.841185671863238,0.51222247013167
-0.002524021862221,-0.518155868727104
0.510768165265464,0.070166174859785
-0.957301277062939,-0.200349342001829
-0.388182379605957,-0.950546253561973
-0.425948505728089,0.027939862986362
0.49709045782987,-0.028951977052074
-0.975609300268162,-0.010862672017067
-0.529071162519322,0.022834382538388
-0.089156762301649,-0.489611770509439
-0.136479252470553,1.02560349473931
-0.223638035504767,0.432982528288276
0.055729364910484,0.928857778001464
-0.496358576243725,-0.287443479416813
-0.430041443651068,-0.146077900036622
0.202057797189832,0.489111863649145
0.507035471408595,0.061759776870775
0.680941729207024,-0.652806960059188
-0.443497401763874,0.25661631316285
1.0437566640639,-0.1904152876285
-0.625681862176697,0.814301229119447
0.75473364177041,0.667544921922995
-0.478010864549649,0.364771715816351
-0.443833820069353,0.889005569199149
0.481573739030687,0.05004735426337
0.990153468295044,0.222397750483121
-0.231495233261244,0.475195074230507
-0.189097704449688,0.475840148906648
-0.907169581729727,-0.457213985609598
0.436397410867118,-0.159735209593852
0.501125524939984,0.026314612016702
-0.940192204184257,0.409351369005772
0.839773057809802,-0.461967900749183
0.561704675239669,-0.024572182950957
-0.069114441527424,0.549005472281904
-1.00557749256601,-0.451320504273046
0.338266036586335,-0.344710043681295
-0.810955743843149,-0.687713167299419
0.338883759190975,0.93098379879202
0.205929279319352,0.525162831688953
-0.294466061267136,-0.304734295686792
-1.0422784974998,0.268627190244465
0.587327059310436,0.844119450173336
0.369292974005927,0.929207169338258
-0.05878247839482,-0.587578414910441
0.51065678714721,0.203087293864602
0.451895506416771,-0.147641521540913
-0.197401414833112,-0.354733379204624
0.361764754164296,-0.2363985266418
0.253162916015212,0.447088200122496
0.685826877139286,-0.764286899673819
0.216905254563504,0.515804241555818
-0.309509731430285,-0.912007090850278
0.514218459695526,0.117708857336287
-0.117898704405416,0.907426765135621
0.208868774276722,-0.487997158886026
-0.185297696342254,0.448894107666896
0.395961713872205,-0.961083093584512
-0.038772235133411,-0.4065033223211
-0.429120380024778,0.267240383553399
-0.6549713589167,0.689509176795911
-0.33213019936128,-0.318897402896458
-0.70574296073557,-0.703549495230045
-0.692982972552669,0.621652343949646
0.552762944158547,0.801408671567497
-0.599702775635003,0.12270033193719
-0.111290368274993,0.511243982730057
0.367293142663416,-0.177702793559183
-0.997322146933065,0.190966162864417
-0.268903342564254,-0.403844797105478
0.267075795220986,-0.441435695464436
0.891462064271641,-0.712777763841281
-0.056394845314654,0.99071318178874
-0.279776587358824,-0.354285783747111
-0.057774666174695,-0.477581547411283
0.215328463141613,-0.416071497716839
0.256837131508466,0.439451731596127
0.793549829446454,-0.577959871409673
-0.4605528323698,0.025990804145434
-0.942228508191176,-0.505379431238092
0.56565463238712,-0.842343620406229
-0.439645650236725,0.009553725252554
-0.763513080294757,0.632081928308188
-0.347980420305648,0.158539594923794
-0.481437212034061,-0.756676071574345
-0.12671225573833,-0.973166671879296
0.344265762597324,-0.329262046377522
-0.384554273196655,-0.34126332175213
-0.961430303399552,-0.056905603540461
-0.137159091050784,0.497452476565113
0.262291345408371,-0.43993680014059
0.200110838861226,0.436987566550279
-0.18372069485776,0.509156505434553
0.122273048928569,-0.466526574033017
0.206975002200368,0.380004492570982
0.778606945564839,-0.653436260713172
1.03622532524244,-0.172278444497894
0.086066446438375,0.508771476609759
-0.288530587422209,-0.350824284507906
0.393942114141541,0.06832895701687
-0.348083734146301,-0.318190312793654
-0.475798211797706,0.835981666074957
-0.092774213249112,-0.976939629560961
0.058898517082851,-0.548098418104411
-1.00829174442581,0.059017921773524
0.220853656189726,0.968192357964024
0.331307322600354,0.02031397402033
0.655270582123524,-0.733991475549188
0.582560643218718,0.77436189942446
-0.270313839226874,0.996006299173683
-0.908167112705629,-0.461458732504716
0.216200410312023,0.388426484126527
0.111278390361847,-0.506294374025511
-0.496122494486762,-0.269686550946621
0.949643539048231,0.415830242746256
-0.285875962780977,-0.888491761052275
-0.408736050823041,0.233708873261186
-0.043204518810022,-0.610374416280333
-0.211288180557429,0.974524904600819
-0.803352568780677,0.722062783972021
0.308552408294198,0.966514590172189
-0.411894739132229,0.268963436619629
-0.123920880805702,-0.463489722407938
-0.740053054589245,-0.732577847471425
0.421025404649188,0.886874040806871
0.419151600339316,-0.253694187698699
-0.360735945387946,-0.373047047517691
0.361665006770435,0.827298139728349
0.361998332639513,-0.355760846576351
0.312432358206582,0.292090060806554
0.303702711036089,-1.00533073116337
-0.507895059055388,-0.100752567728226
0.202971382493824,0.458361484544773
-0.94147044955967,-0.010765492691788
-0.440637903501046,0.923656667490126
0.114784499397345,-0.498166506547358
-0.917100982647736,-0.328963405558073
-0.022820659921184,0.497704433365607
0.698903580608902,0.712548052492364
-0.27140824213719,-0.429195331636891
0.98154647872622,0.13582304211221
-0.503104651200287,-0.205702986856407
-0.857403007360659,0.325435042381507
-0.651893232253857,-0.780910838899717
-0.479767035723336,-0.247950411771563
0.647113708871877,-0.745001756700171
-0.486593051830134,-0.206270321633979
-0.416195836928512,0.335038930057103
0.3567048443953,-0.908393407179608
0.218426825606273,-0.426815556153745
0.252773834637948,0.866007127688377
-1.01761027665988,-0.191339912040569
0.92899625573381,0.133576942067514
0.923019929571734,0.437397607221952
-0.529710906689397,-0.142895743394162
-0.269598702288314,0.383737012971027
0.192009686845734,1.01007374774048
-0.131130409667837,0.459964138288014
0.940085506762446,-0.453103416693177
0.92495335472845,0.434107537640696
-0.311821146282074,0.430594434002348
-0.423661097306027,-0.32290777206553
-0.995962801975954,-0.385451248624195
0.498841662548444,0.117509777509487
-1.0446877359789,-0.071308542043395
0.179744768301217,0.529042732108502
0.465217781288804,-0.261817929051837
0.409802388698532,-0.275429286983688
-0.537143906391941,-0.090827155097149
0.906776985589452,0.546661006200227
0.133412198219118,0.447640486606214
-0.806853251801451,0.706515591864838
0.964473648604095,0.307105998889169
-0.101720858604169,-0.956379404598121
0.406059840218349,-0.216221673808329
-0.793880567889446,-0.458294682222713
-0.476918122015826,-0.137262059443742
0.423776625731385,-0.187412735258222
-0.976096095320115,-0.151719227632274
-0.644535420225828,0.685491762715796
-0.536717243274853,-0.044210212318053
-0.967069991351564,0.057027952203343
0.037738350693615,0.47934929674104
0.112980933933922,0.529477407622282
0.045410014030136,-0.961486732899873
0.028650278829289,-0.550904523611185
-0.357570730349749,0.366752673909179
0.971657407268152,-0.092980333845611
-0.458821335974195,0.133814971745837
1.08766489201578,0.181403480605744
-0.000481031988357,0.482307292010707
0.246306423516278,-0.48895006999981
-0.217198259619855,-0.540047858923844
-0.49282658641028,-0.946278927853203
0.633490117326725,0.745474995888462
0.488050347424873,-0.174028231161625
0.44556260333786,-0.936482057867436
-0.327264121466594,0.251782205755153
-0.494204308504806,-0.051435377784705
0.53357934987432,0.07640117738774
0.988090707255324,-0.319656267133979
0.960225226512073,-0.228658104261255
-0.015107971043389,0.399347224654401
-0.386379469583344,0.163830603786425
-0.456378464292122,-0.222865541175469
-0.506989848621598,-0.149733999548147
0.494206071252758,-0.252745429965164
0.064442873658233,0.553585732428789
0.18420103571203,0.385637087172706
0.535147153163431,0.086257790110933
0.938333238321961,-0.057193803632288
-0.166236545180704,-0.960016332068224
0.007080843900554,-0.449722064108864
-0.326303473369273,-0.275803892534147
0.494826307377695,0.860584922279708
-0.423319240134714,-0.966418459724175
0.782694543201702,-0.450124199101886
0.980593862943136,-0.007642121449889
0.139311209742288,-0.989622397946822
0.098984961601136,0.557680348958606
0.936885433980074,0.508290220380047
0.163094849973469,-0.496677407383644
0.341317788647974,0.488663400010311
-0.288537372014301,-0.454694534976462
0.872805786525447,-0.482622678814508
0.88520034781753,-0.472435235600296
0.257970324799123,-0.314343209833988
0.695663542889928,0.743043700520399
0.200403223638728,0.503228866636089
0.905217732184624,0.393654609058354
-0.441947195099954,0.197186614803963
-0.89539974566884,0.505157493463114
0.338169565018019,0.342938482450783
0.970374331832892,0.105317911017021
-0.352696636763528,0.986065125919653
1.00487906292245,0.125797195304586
0.559038843822303,-0.089633379884322
0.285374449709972,0.914263460996941
0.16785922912038,-0.903537382946279
-1.040997371548,-0.164814494488486
-0.878247453096996,0.465943289318853
0.578420333231151,0.166180944583348
0.915901606871163,-0.359092191635726
0.07221471193538,-0.91438687360771
0.104997058569002,-0.459827750326722
0.947188205198767,-0.043698730394794
0.228908726035293,-0.445950824501247
0.529527275980911,-0.801969863838805
-1.08561555781899,0.071948288880424
0.456650895930997,-0.866032790542909
-0.976207871841998,0.119084716009968
-0.463714026790259,0.320014544052657
0.464440529959339,0.952923762957968
-0.530823167085071,0.012276768300717
-0.683637784618461,-0.808908116361218
0.371765442949408,0.319800438649897
0.469461196223369,-0.108368164034739
0.329030398177463,0.37461805195836
-0.900265456386948,0.406929017191838
1.01571811521801,0.120774640216621
0.448474655549653,0.795769580086355
0.082212085026737,1.05431496346414
-0.048726476518157,0.532643642201093
-0.395591121307554,0.41019399713102
-0.615054597409061,0.649961412249636
-1.08323532507734,0.077925328730489
-0.099081922028839,-0.463146499432525
-0.580226908619104,0.788302101465587
0.973565399303868,0.279137450298975
-0.660541167699072,-0.676627022029891
0.970304908108558,-0.198006714162778
-0.487229865111664,-0.864474026213574
-0.096348274511906,-0.597024161653906
1.00226087638187,0.285199216199045
-0.426301088264786,-0.12433403720732
-0.543771155595559,-0.046689642963315
-0.107039101227958,0.530212641224203
0.330534345749541,-0.407650828849953
0.357141014502856,0.100370696841944
0.149748656060251,-0.393145174917552
-0.46336339048288,0.102944060192078
-0.862382786851063,0.357910308106993
0.137463320532637,-0.560014678862549
0.386080315573301,0.333609023415696
-0.255303833377526,-0.466399740964947
0.111831171330943,-1.11341084566703
-0.056187825766485,-0.964083781193793
-0.382891421591445,0.851122311978336
-0.012594551584649,1.04095783032659
0.451390556749654,0.326021890757393
-0.376787526092324,-0.375052945197812
-1.00859061102607,-0.179136841328337
0.354656285648104,-0.423928240225015
-0.224122542772202,-0.439050550907322
0.351484675412594,-0.862984861608712
0.371494693741041,-0.962779237776953
-0.057555797661678,0.432069164580402
0.871147428390414,-0.651469604163065
-0.575900422881647,0.739938553133389
-0.361911837519248,0.975641958824721
0.438358935174538,0.207887082863663
-0.400108632807398,-0.374603917152272
0.999875931665033,0.037081218430487
0.993201525936219,-0.093879380893338
-0.914487850004829,-0.362157412608208
0.544101940908808,-0.843658060452186
-0.732110406051983,-0.489457266851844
0.283387626152518,-0.379666041582019
0.130860320417748,0.524764281476193
-0.99792978326478,-0.183470834714074
1.00021568660926,0.184705761098613
-0.347376061962414,0.346117065987678
0.992383142182707,0.080042292791135
-0.413382496286619,0.354189154446892
0.351274946159433,0.409480983597319
-0.032580427133983,0.561367622817249
-0.921146379023206,-0.155291934601233
-0.76371287656734,0.65765285566376
0.480593094078041,-0.87071526836965
0.921882373608181,-0.136891720294321
0.985499775599827,-0.03812941599826
0.309250248281094,0.441433920190886
0.974881610693693,0.128782631963148
-0.317888241726139,-0.40500165410944
0.511387334142368,0.026781772381376
-0.295637775939602,0.898386815365374
-0.371669848946052,0.259961260498631
0.074291607200109,0.947934334675459
-0.886466120869155,0.474799434611322
-0.185271564379816,1.00459067116846
-0.325478005670508,1.00721113841466
-0.042090383645095,0.437689477299757
0.312257949791841,0.322774392754342
0.251651080203029,0.924851731382215
0.806276229185905,0.557110415912418
-0.214781427030709,-0.504092200476469
-0.414009375859732,-0.784574282626941
-0.337854607424492,-0.925312409150188
-0.22033363522483,-0.9054136160761
-0.347375281731454,0.319095143021876
0.415359553880549,-0.261475597709009
0.341818425599848,0.355784514253767
-0.986586167912422,-0.369713154432585
1.01497593862091,0.186450763495889
-0.510346895659523,-0.251643255515606
0.409251888076244,0.094772768137223
0.293460665602661,0.997171480604898
1.06250674304567,-0.074509164094963
0.822220934451999,-0.618654156158021
0.10423665849228,0.526001952005846
0.346166376115687,0.340983676123118
0.831893477435,-0.496158610646562
-0.817332568943146,-0.478069106174464
-0.550015062814821,-0.055841816892349
-0.487884387839484,0.044622962698982
0.331612703182471,-0.987685460264613
-0.129638745420387,0.424242444256315
-0.441327838741205,-0.260067442725422
-0.245816170864606,-0.501643542158734
-0.119930904409662,-0.437095312912906
-0.151148287375727,-0.486634776978634
-0.817992442675314,0.555541656241107
-0.942690044684121,0.445874183304331
-0.288257018144928,0.457014221914341
-0.720072885045367,0.630829125797034
0.803328533601222,-0.539131796330169
-0.154388831120132,0.50498218988605
0.93545548101025,0.414365001471036
-0.313584534352682,0.279349028960616
-0.470317762980935,0.008440966533931
0.985345139937914,0.170748861782468
-0.494636527808801,-0.187959537160727
0.373713595226179,-0.990494054481715
-0.280726067612063,0.404163305827226
-0.979040927353899,-0.302697843072361
-0.329586282744695,0.877877450312077
0.065014188787739,1.06372411326334
0.097728376993798,0.486062516204336
0.292976355550944,-0.416261235299204
0.5322780195944,0.808631334966598
-0.421789147955182,-0.214388162372502
-0.958431916363378,-0.163014437420941
-0.436103810743448,0.000659459973337
-0.452973894142822,-0.292552693744819
0.434632105619065,-0.779523147413777
0.244323134806366,-0.40777527981648
-0.481638126626144,0.33544637985234
-0.763736932454329,0.823292969679247
0.40793801193735,-0.072583837419772
-0.584202611132497,0.790672372633949
-0.022415325922226,1.06222612093137
0.920821597004059,0.516453298225279
-0.709921599950454,0.758382694237475
-0.922170776829364,0.630286351769415
0.462695185021939,-0.056522238999578
0.277062920806415,0.333393704825244
-0.356636870897607,-0.90266917616881
0.972796365495985,0.3729230880595
0.390688189788053,0.155550401862534
-0.138878575363007,0.989224855537381
0.592334869715999,0.01712629171553
0.974191842146196,-0.236642363736228
-1.0577627406618,0.325741387549052
0.404500622718102,0.347859932374294
-0.722353987306961,0.533307128734185
0.428039318289429,-0.000198493215215
0.660145682408646,-0.786843260066915
0.045861080343863,0.462735787653361
-1.0389936238146,0.06776326742149
0.196367587737332,1.04106119640501
0.322380403479973,-0.424114558089216
0.416563018535618,0.155813184596084
-0.889278728218996,0.455833444066387
-0.419015123174843,-0.318740274670512
-0.452519765579305,0.757722023853381
0.789994385793873,0.740396451237363
-0.384037679415915,0.282519942371945
0.32401276715897,-0.891967248696384
0.856140139770806,0.416978694174101
-0.363639505439468,0.250045973150866
0.199870367542322,-0.491154788329717
-1.08324217290594,0.270689482721833
-0.063051960704417,0.499466334407591
-0.279157631670313,-0.390609860832668
-0.998479937356726,-0.537015380727465
-0.08149226835038,0.501966538586094
0.602026669252825,-0.744090918549826
-0.08365491333583,0.542971735039466
0.821085110417067,0.515182330556084
0.089554220628778,0.466786261920351
-0.186002162596301,-0.397238281311645
-0.048161205444616,-0.954850729132751
0.863170179710195,0.463880141524102
0.92729315734927,-0.281648573273005
0.355720936056495,-0.381991642182709
0.885831137668503,-0.312054679973402
0.434781056534637,0.200247993930068
-0.182032521152592,0.956209688319407
0.482988345741606,-0.179997056763122
-0.497255389502909,-0.830396110060669
0.274078881962231,-0.383575692692977
-0.403751762985331,0.28781628201035
-0.109666545246741,0.438537343092124
0.856539256625777,0.559544991141525
0.438177259794534,-0.1746659620574
0.074246907991143,0.549200626253475
0.219245895170692,0.467911361085741
-0.467272447881336,0.152179466057163
-0.670750016144523,-0.765194350500334
-1.12648985896262,-0.081872154968155
0.458116768934975,0.026405009108435
-0.934231990552007,0.402019035995915
0.816864936353214,0.667190677655516
0.319679953863353,-0.472904141148217
0.246864445997219,-0.38453093241548
0.364902895347888,-0.317236349358053
-0.97023078815473,-0.260292527190369
0.707306646080989,-0.755230755268461
-0.317857760107024,-0.36754781115367
0.315252799774787,0.432564809426379
-0.318036200498992,-0.371172858435497
0.321665825627626,0.216040168306132
-0.559050250640591,0.068460361837817
-0.536858248945584,-0.227016412486278
-0.223000939973064,0.459492141341511
-0.969816188097933,0.401737902963997
-0.994449617151478,-0.16108777179561
0.415972201462507,0.192343229965698
-0.38889250562108,-0.284740962488983
0.137804234994226,-0.983415423530489
-0.941779934782783,0.367207322631166
-1.01132366994264,0.035176414001311
-0.185464302534168,-0.415041528248143
-0.251489805881801,-0.917153077621776
-0.929012089962813,0.074975340444675
0.07759699226249,0.529046988450462
0.737573435827287,0.661015976114894
-1.01781342701336,-0.056057879375113
-0.537450184757946,-0.180113188592855
0.155043971052667,-0.473536972423323
-0.456921904972739,0.327607872398838
-0.995361578188394,0.255016863777517
-0.318364414360066,-0.93794371759979
0.17244409918964,-0.482642663874971
1.01790645846731,0.059700115821727
-0.277727008556647,0.978059154716317
0.38567329239927,0.365964180192895
-0.406446197239038,0.349365122890011
-0.285303049594097,-0.381341963788926
-0.377598968537277,0.907522215955518
0.158264181088962,-0.969294924845104
-0.480770035643723,-0.8468386890581
-0.021132864783879,-0.538025868898265
-1.07480203987525,0.072600331250734
0.729362910139813,-0.739604203343896
-0.412383794176581,0.895909932075717
-0.041781930041028,-0.545404895673787
-0.086535544640924,-1.03685826382706
-1.01631128785745,0.054939690477411
0.671828280326383,-0.688586305581838
0.568553139218434,0.051526434666398
0.464099267603421,0.160356850079013
0.270657368052203,-0.914154451599572
0.474899577245428,0.027831209085248
0.103367057286902,0.968777568446346
0.415076570078558,0.105868365489974
-0.386035536914019,0.332941035039139
-0.12423054148728,-1.03043757496837
0.501556416090104,-0.162927587508925
0.015103750927187,0.47433075766791
0.925448673650605,-0.21620595600298
0.004774254556858,1.0278840119034
0.303292578134212,0.898977962641663
-0.05638535905963,0.4220701497501
-0.274327066838732,-0.410963228585163
0.382721628295915,-0.230277903680628
-0.199959978897689,1.09414782933453
0.278669814305811,0.334733314457341
-0.931585527100382,0.551604238660616
0.490278539704864,-0.034900929844951
-0.179322008077384,0.45459629469742
0.427342414115295,0.908946953234902
0.489174762723627,0.049691824570387
-0.24922652449786,-0.964835957170789
-0.590791838905772,-0.890177070189219
0.414723532154192,-0.312720852198417
-0.701380649447997,-0.7383280483561
-0.871320101203493,-0.534230884729293
-0.906528975718017,0.467724127462128
0.066333220185659,-0.478234119053147
-0.952787330533178,-0.291067085667563
-0.9432822994476,0.211113099552659
0.242260504408714,0.444803826610899
-0.834578146104406,-0.52489432138659
-0.455996755750783,-0.247554775025184
0.223369948427085,0.394311531138704
0.046747126995784,0.519177395388332
0.976642718261874,0.345399938665388
0.161960991303391,0.978203644789928
-0.248313605200939,-0.428614286815993
0.980555516854559,-0.130865722987842
0.41594465806652,-0.248630827859398
-0.86282432064513,0.418856107897941
0.948527072237422,-0.304297294452434
-0.648903626521122,0.89217420377738
0.834479290871127,-0.499080449148953
0.040866214093352,0.467517428200905
-0.249287342639631,1.04934662242633
0.051798128879012,-0.481077097613328
-0.395324197083619,-0.942641661712439
-0.70217701782509,-0.677463650831796
-0.233903000660798,0.957356959849702
0.92240833103725,-0.458881321182374
-0.494692714662803,0.000403133996744
0.079178189341,-1.05621543471287
-0.280228460609825,-0.320091156962587
0.664301186824056,0.731024521415705
0.847191854183872,0.464772898543119
-0.444872874762306,0.081998671174153
0.133379334915712,-0.893284932518851
0.704186651517204,-0.674957890910443
-0.538918304929671,0.82216989603889
-0.135107800624227,-0.522441851707045
0.123673670660084,-0.471244364143944
0.703246181666075,-0.711605994943072
0.245405425316396,0.943072791951256
0.171421370701143,-0.528927784053719
0.390978646344976,0.42197844426703
-1.03151208488171,0.058615782965496
-1.05851422449828,0.052436749714379
-0.140029323338162,0.363542319843983
-0.837423832479343,-0.501826026712805
-0.911914888723195,0.170590807041656
0.212349375054619,-0.403421965045489
-0.011899624747082,-0.490131907474184
-0.812991999699644,0.530057102950787
-0.455701895984894,0.229057228627788
-0.407687865179511,-0.277060234550318
0.937799903147116,0.530295922697297
-0.332032113263041,0.300410561064632
-0.998345734536762,-0.201589128319708
-0.555178413622152,0.140826425063617
-0.231126490487634,0.463253621644197
-0.330626139181818,-0.510123876838793
-0.646297992373826,-0.817174689178164
-0.238315672688888,0.481460456399915
-0.182003136486654,-0.974629774294281
-0.571138197570791,-0.858861507700555
0.513957244061195,-0.909089543538589
-0.124910112088828,-0.889923879586181
-0.167624904163892,0.42039132706059
0.069287825211209,-0.491206074157706
0.713642265907871,-0.795680467359159
0.151272749903401,-1.02680045386213
0.639467080244724,-0.883295108759732
0.16238057927778,1.0228189375682
0.042375582384239,-0.644339308866251
-0.310831056955709,-0.922594441300469
-0.434606750665262,0.893768511732196
0.672796124059262,0.709362886630456
0.355180164844154,-1.02670347100743
0.38340331134839,0.978914244900804
-0.405824904157981,-0.256244595211234
0.591905406289632,0.665365474042259
-1.00450115646956,0.22563380449223
-0.831135585300725,-0.441878911447635
-0.361962521430085,0.366781017674798
-0.416506149232782,-0.215121387454957
-0.024623630095006,-0.558062651303934
0.871651262938131,-0.291653401459082
0.823124564151038,0.556220174359936
0.980897769598406,-0.256656974931461
0.405723137927632,-0.222298478203253
-0.440994984414689,-0.844364161697644
0.270301275092111,-0.919766961914805
0.20915734766499,-0.431758211094298
0.409769710557809,0.908272972319683
-0.376930813244992,0.480793971466868
0.783295737164717,0.588571744792481
-0.709674089877642,-0.693189872021988
-1.03769980729226,0.187925928051885
0.845533723367124,-0.572695341685256
-1.01343460542681,0.15310599431764
0.179407975539472,1.01936020313709
0.97009234140471,-0.009088564074059
0.269547730850731,0.499026473805984
-0.449494646513302,-0.86940360613598
-0.325927900613334,0.48808753658569
0.09352381827131,0.941591567250595
-0.940231122544127,-0.389087307060143
0.456556210902585,-0.097256069766673
-0.996060840157103,0.295328381005241
-0.226843687040892,0.483683561576802
0.356868326282602,-0.913156130047561
0.451751112491976,0.118888382355944
-0.569953047490153,0.209546679677406
0.537524511478747,0.930236723856059
0.059345470038288,-0.534977640339844
-0.237374780855887,-0.460264551285661
-0.435460383147535,-0.301864456366168
-0.406115075357855,-0.978405171291282
-0.568868997597838,-0.733180633007651
0.876401066867678,-0.530358357705657
-0.707009365496948,-0.503507137253439
0.299723608948917,0.436068985659758
-0.885637038326886,-0.404198315847684
-0.542336144419099,-0.807236701478251
-0.037373054752599,0.980873321679103
-0.226110138523239,-0.406792577669359
0.751484850459234,-0.705298690061257
0.296457361231557,-0.292264416038291
0.140723393547844,0.950765228550307
-0.710081328819142,0.537646703240623
-0.356957287563001,-0.427110365363229
-0.181075358494241,0.448025747410601
-0.205185989276052,-0.485176390921848
0.18924006835553,-0.515678002909571
-0.891886075271996,0.640480998471638
0.440889159908757,0.111880413750951
-0.209535323947432,0.444496371075821
-0.507802840501222,0.281933699492291
-0.178382342048972,-1.0729559952747
-0.589413003726782,-0.87010164366946
0.011401994954779,0.501783758467936
-0.116554587867492,-0.50795175429103
0.533787520684715,0.776910680626929
-0.447800090220029,0.01163034647098
-0.400096015099774,0.349318020147721
0.054577485782484,-0.481662659204908
0.481989744585951,0.828253899555908
-0.225557319822571,0.985671600495316
0.562633156448416,-0.05147329427334
0.828559201366047,0.635779170943325
0.242689022579207,0.360733992449517
0.297508802103011,-0.274849444288751
0.545779389358118,-0.870922733356647
-0.411998100928287,-0.313820563576668
-0.336101864714948,-0.255626732867229
-0.510782073729873,0.102408442939403
0.40730064636092,0.043678722875821
-0.221510874916658,-0.427065208430088
-0.466201198664573,0.961625480608892
1.00906695721195,-0.404941724460753
0.410216480658649,0.237112484998566
0.177420268469533,0.993370589609826
0.484529208443981,-0.058264124407452
-1.03317618024091,0.10550696551981
0.894614014165126,-0.057612661350547
-0.347000933216108,0.451710791552746
0.557908272435231,-0.107913157056303
0.035307776446921,0.429395063144956
0.585539983148898,0.785889618894206
0.394525604683772,-0.919926980799444
1.01237003099425,0.293023251453567
-0.429957159216446,0.181769396900557
-0.717887492659048,-0.578933285560454
0.242739694675359,-0.928062654255332
-0.23586679800818,-0.445130250615219
0.095196938073601,-0.96398970803017
-0.418527117146724,0.169988160588851
-0.688703428004058,0.634133793367856
-0.462530267227702,0.104162188471076
-0.01617876034977,-0.56453698632395
-0.049217217146417,-0.97009146893525
0.341767003970941,0.341225384712061
0.972390108598639,0.111223097020213
-0.235217954634137,-0.410402345480917
0.306690261184337,-0.294152513462692
-0.302880802163859,-0.502008829855488
0.491360614745858,-0.254042533325347
-0.977074034422568,-0.321638589510225
-0.355619847367604,0.332973196114081
-0.89368312769259,0.53120347967343
-0.398695709863758,0.282614906175034
0.122065979968739,-0.458432420977928
0.987887301856878,0.145371260359734
0.382759361016869,0.275490690922703
0.064346540107007,0.549956107050692
0.159572589500499,-0.993520315551051
-0.100088339810187,-1.03461666913585
0.67023702344197,-0.691014106294699
0.94992079629472,-0.376881970792518
-0.481704085135922,-0.196551424995264
0.836658907399786,-0.695449085005882
-0.919041605959897,0.368258199481337
0.180145572966073,-0.928465280316734
-0.289473606016832,0.414025401844044
-0.048035721754907,-0.940480425901706
-0.674270607844493,0.631737628976369
0.838144461574455,0.400447159621496
-1.01147741900237,0.283600648736721
-0.411938555615925,0.299294483836809
-0.176974600111132,0.468253181216413
0.37929248694578,-0.988913054474669
-0.853112566869883,-0.606640381951451
0.128820229116848,0.539217297823457
0.486933597035363,-0.009575959887216
0.019965401260189,-0.501748519808533
-0.302785228129751,-0.384742271689491
0.083032846123957,-0.966786232679624
0.009704771434665,-0.51148435567065
0.081579776608662,0.51347636590452
0.081991545420079,-0.505010677103785
0.132851029893553,-0.92946368908427
-0.99125457361691,0.034750133071631
0.738135336555179,0.751011542933279
0.978108656942106,-0.213637034533391
-0.406995048643287,-0.253231755649419
-0.250158765318342,0.382195973570887
-0.448345076742967,-0.084507828945315
0.07178446694272,1.02589913748871
0.219305197641373,0.406290047898369
-0.813357094470974,-0.619734690379557
-0.278181997122526,0.4097622238905
-1.12972620866992,-0.152213918888971
0.557771724522007,0.782407594419074
0.277802016294496,0.406857738012141
0.900254657131553,0.215115438709215
0.951906992691546,-0.180120927657937
-0.221766309950399,0.431932159423088
0.711199106296081,-0.699568374362832
0.391659179982709,0.840510623037357
-0.505855259977221,-0.079472736039043
0.450196672072724,-0.33413426806351
-0.691971087361895,0.709289221916847
0.975937235790552,0.278677946080268
0.100014714228616,-0.594264389235384
0.364618809670956,0.219001573334274
0.372405392462506,-0.332235964875323
-0.546438421731924,0.252577071278754
0.304895041395178,-0.464012984754294
0.281339150382771,-0.43248256780016
-0.818899673470779,-0.612039438285791
0.985813192647189,0.238479276352773
1.12472430403748,-0.230244725765812
-0.361533686757087,0.220336006237911
0.588423478864191,-0.820678518143176
0.065232353103655,-0.48764531578755
-0.80020230788187,-0.63974792880882
-0.518664590497056,-0.063208811691933
-0.0862000443782,0.548002679217753
0.397481011223632,0.247464844229641
1.0179757445178,0.090220636278797
0.413000594066835,0.151775429572752
-0.525057226855522,-0.064282327574019
-0.009157318463175,-0.452783320766342
-0.506697673039798,0.165961538853112
0.347648440267094,0.913790317199312
-0.398057404293093,0.143776623781545
-0.534331379111289,-0.048511934202249
-0.266175627720906,0.875066414247356
0.556114732421904,-0.689069873690286
-0.749089711311941,0.621185741242481
-0.422666426173221,0.929722274177448
1.06416787344115,-0.026351285024167
0.408565082879953,-0.980323083414945
-0.467090851895059,0.908446568523076
0.918465624411322,-0.245969028022282
-0.449545615699192,-0.270973651894307
-0.455719826395845,0.28558022740173
-0.476059723007253,-0.157987800951579
-0.237642419833439,0.347067054963723
-0.982442188743789,-0.342324034856033
0.371456503487398,-0.080049657692609
-0.992080075395604,-0.324311318228387
-0.502817934865295,0.864985605479406
0.456728981423126,0.094452547769059
-0.434281530511247,0.102993301812534
-0.50824202708498,-0.053311570844845
-0.166167090479114,-0.451500898070948
1.02640455006686,0.031594036315163
0.221242062373283,0.47735288164262
0.096700437844196,0.467071121297095
0.525117882797607,-0.041213951171785
-0.558439238969737,0.071099210588968
0.937368196087161,-0.387039791406859
-0.73525185021385,0.648925036675782
-0.147859582284988,-0.413067576290406
-0.896880250192829,0.490196703163487
0.708573409797675,0.7234805156818
-0.254494741357854,0.993812652751732
0.459586090371932,-0.191212339848157
0.520495704746429,0.102352734475679
0.227530360678565,0.873004607272649
1.01023881996112,-0.31153473601905
-0.92710598802586,-0.559494623262714
-0.209953786589294,-0.971515928273326
-0.444574872568388,-0.839391569095221
-0.038201207645785,0.516514092336357
0.818956182421267,0.51239623683044
0.853673532945287,-0.527817599140744
0.399490536689834,-0.896035377439256
-0.433944734587137,-0.251860189080811
-0.014760994453764,-0.553430262341662
0.703541338467831,0.667719787177533
-0.457660096658191,-0.227567153885684
0.659499884300974,-0.84627214669479
-1.06193217285938,0.116801568457173
0.22495582063363,0.434830303191842
-0.954856911927822,0.336376386737213
0.042168074325432,-1.00793989444861
-0.124638633856057,0.387886616428717
0.132220098230617,-0.502799882975798
-0.00872088352688,-0.482867511869337
0.153297237863998,-0.965012147343501
0.523830866759987,-0.109630107759712
-0.390094885814164,-0.203503817802679
0.43310410030534,0.92399643590983
0.320766551813508,-0.283394441752592
-0.183766269575318,-0.945468617896956
0.530019630813722,-0.258910492810543
-1.00411478729578,-0.488095595804445
-0.292449946585153,0.893468477086403
-0.370960433713036,-0.227293842985208
-0.488519097496662,-0.208171915715329
-0.742927381310994,-0.842159126569194
0.511255202816318,0.121143370858188
0.400411541844104,-0.371442577695956
0.19848776180293,0.986092472704731
0.296074226044858,0.96441837745453
-0.978865966789417,0.118233536914874
0.423442011561764,0.145544501021699
0.468263953162263,-0.001616640283648
0.884756576300069,0.42948703409004
0.934397162370529,0.026843578779101
0.912905974937969,0.289965373326531
-0.283387707913122,-0.289466560473345
0.185759704975319,-0.493336135863627
0.866905881201015,-0.300282001638929
1.10618210721786,0.124696766245665
-0.960368237690602,0.301059997029697
0.383990845254485,0.182402166490543
0.390286795805415,-0.393643261400984
0.462867872469813,0.252970830839417
-0.99331611646534,-0.315680933212968
-0.402479603047679,-0.157277103176574
-0.980335073738095,-0.123962827578776
-0.489355363483639,0.039431389881631
-0.001032095860623,0.918027068112955
0.289955825541111,-0.342243832501836
-0.058125366767367,0.437749224273438
0.639415707276603,-0.722220675960646
0.957549703118891,-0.124667208252887
0.366504611183627,0.956694584316351
-0.777224991777364,-0.690495719719526
-0.765976139561547,0.601735776186985
0.443686328352015,-0.957675217765582
0.411113734708922,0.86666883241663
0.038367116903811,0.459318764760516
-0.38835852693257,-0.098750128894136
0.585589360611827,0.212831075983715
-0.932236277156108,-0.325424342824494
0.475278275444377,-0.227135548096455
0.187852979256924,-0.456935125121889
-0.362310523799299,-0.079199675147935
-0.585185275383858,0.163364812527028
0.523180098591552,-0.078421556464996
0.410776617595745,-0.320994880574384
-0.586021640146151,-0.752525014870333
